tx_gain_db,tone_dbfs,max_dbfs
0.000000000000000000e+00,-6.066376320162831348e+01,-4.769658395380094618e+01
5.000000000000000000e+00,-5.565186892707571076e+01,-4.676284922866678784e+01
1.000000000000000000e+01,-5.075906480570009194e+01,-4.455350860751831021e+01
1.500000000000000000e+01,-4.578770265545772133e+01,-4.128473654498607459e+01
2.000000000000000000e+01,-4.086591825411065315e+01,-3.824250079940123470e+01
